,age,sex,bmi,bp,s1,s2,s3,s4,s5,s6,target,class
count,442.0,442.0,442.0,442.0,442.0,442.0,442.0,442.0,442.0,442.0,442.0,442.0
mean,-7.284268713603969e-18,2.348548705937831e-17,-2.087319758967206e-16,-4.5715065719859385e-17,-9.293722151839545e-18,4.42079756411827e-17,2.135044278125301e-18,2.9137074854415874e-17,9.143013143971877e-17,1.431735574742849e-17,152.13348416289594,0.5
std,0.047619047619047596,0.04761904761904763,0.04761904761904756,0.04761904761904757,0.047619047619047554,0.04761904761904761,0.04761904761904757,0.04761904761904758,0.04761904761904758,0.04761904761904761,77.09300453299109,0.5005665724197295
min,-0.1072256316073538,-0.0446416365069891,-0.0902752958985094,-0.1123988025440844,-0.1267806699165132,-0.1156130659793989,-0.1023070505174159,-0.0763945037500033,-0.1260971208333046,-0.137767225690003,25.0,0.0
25%,-0.037299266425229925,-0.0446416365069891,-0.0342290680567078,-0.0366560810754007,-0.03424784020248782,-0.030358397257198026,-0.035117160592829245,-0.0394933828740932,-0.0332455926482279,-0.033179026090432974,87.0,0.0
50%,0.0053830603742482,-0.0446416365069891,-0.0072837662096878,-0.0056704222927573,-0.0043208655366134,-0.003819065120535,-0.0065844676111554,-0.0025922619981832,-0.00194717108692205,-0.0010776975004659,140.5,0.5
75%,0.038075906433423,0.0506801187398186,0.031248015431550598,0.0356437894174337,0.0283580148456631,0.029844394521839925,0.029311500978692152,0.0343088588777267,0.032432324156551,0.0279170509033752,211.5,1.0
max,0.1107266754538114,0.0506801187398186,0.170555225980644,0.132043616741213,0.1539137131565154,0.198787989657294,0.1811790603972785,0.1852344432601986,0.1335972819219135,0.135611830689071,346.0,1.0
