metric,value
accuracy,0.9775280898876404
precision,0.9523809523809523
recall,1.0
roc_auc,1.0
